testcase,generation_ms,run_ms
G,10.782729511111112,13097.534381472222
H,3.5891397098901097,13011.878627075825
I,6.717413416304348,13368.921914448913
Z,2.0236175744680853,14102.83019391383
