testcase,generation_ms,run_ms
D,7.438735743761639,2997.9649568156424
E,3.865358879389313,3050.805423416603
F,6.404769957943925,3068.374867526355
