testcase,generation_ms,run_ms
A,32.646727501886794,2313.282284431321
B,4.509063391401869,3070.0131088100934
C,26.784969479768787,2329.6089882518304
X,2.468072202330097,5393.477215776893
