testcase,generation_ms,run_ms
A,32.646727501886794,2313.282284431321
B,18.51184459192488,2693.424060058216
C,21.222546496464645,2574.219500545896
